{
  "best_by_f1": {
    "threshold": 0.385,
    "precision": 0.5997842502696872,
    "recall": 0.9788732394366197,
    "f1": 0.7438127090301003,
    "accuracy": 0.6087844739530133,
    "TN": 40.0,
    "FP": 371.0,
    "FN": 12.0,
    "TP": 556.0
  },
  "best_by_precision_target": {
    "threshold": 0.67,
    "precision": 0.7014925373134329,
    "recall": 0.4137323943661972,
    "f1": 0.5204872646733112,
    "accuracy": 0.557711950970378,
    "TN": 311.0,
    "FP": 100.0,
    "FN": 333.0,
    "TP": 235.0
  },
  "oob": 0.6026707530647986
}